{
    "average_processing_time": 28.572208881378174,
    "std_processing_time": 13.483145125545205,
    "total_sequences": 100,
    "max_sequence_length": 1973,
    "min_sequence_length": 116,
    "embedding_similarity_mean": 0.9999998807907104
}